driver_id,total_monthly_trips
4700650,102
5160519,336
4712145,183
5334092,63
5124702,274
5347647,347
4517057,158
4748299,157
5280558,192
3757071,66
5082585,207
5077235,42
5158721,100
5250387,46
4693119,241
4486426,254
4932777,49
5208543,77
4632234,305
5250178,202
5319829,127
5165911,98
5326689,47
3827325,133
5311003,117
4785715,98
4735945,122
4409274,57
5165788,226
4386339,87
3201165,29
4825053,77
5295034,19
5265446,51
4592639,195
5346806,37
3820852,116
4644349,17
5026569,497
5381165,169
5368344,59
5355430,96
5369490,5
5165566,117
5387862,98
4293280,15
4920430,127
5311001,163
4291437,47
3870107,162
4747142,129
5317456,163
5273682,109
5361023,220
3804886,98
3681964,36
4827426,110
5373787,46
5264597,177
5231905,385
5285826,54
5114627,279
4984387,304
4826928,118
5327495,219
5363655,24
5055770,44
4122033,79
3360438,113
4971773,283
5426139,39
4372708,39
5396318,64
5339448,44
5348402,37
5420049,87
5305088,111
5159535,129
4372392,233
5323842,65
5410655,150
5403740,31
5411571,313
5396817,77
4001814,32
5406508,34
5352796,149
5419079,54
4942175,105
5374025,258
4313771,36
5204615,108
4393331,129
4298705,97
3954133,167
5212182,214
5115463,39
3717125,39
3394918,118
5441043,50
5461223,1
5366434,130
5039886,88
5116282,249
5373614,226
5397342,114
5374235,110
4428002,99
5425348,69
5410525,139
5409323,20
2937666,215
5478250,46
3550359,246
5485007,79
4736784,82
5069685,148
4347031,117
5266272,148
4465141,34
5484347,51
5106446,264
5257886,66
5264033,197
5511388,29
5219932,76
4620370,81
5505607,47
5477577,52
4980010,95
4656561,75
4348063,53
5381113,172
4869738,92
5521382,27
5511046,8
5017051,226
5504412,44
5427133,87
5485210,77
5513039,45
5308363,12
5499416,69
5523739,49
3362531,69
5504623,107
5500275,90
4874971,161
5004248,140
5512881,17
5480582,98
5470073,100
5295219,49
4228535,10
5122730,17
4599041,36
5356133,33
4856793,35
5113388,87
5211966,84
4720242,51
3876324,102
5067253,9
4705535,81
4939884,41
4195507,57
5142034,61
3810107,139
3683496,45
4913229,4
5339129,208
5205403,31
5354106,67
3785380,24
5302455,95
5257432,53
3876827,147
5019237,156
2956093,48
4579596,152
5396363,20
3370384,75
5227369,28
4785852,20
5354168,110
4305170,38
5420424,37
5450596,75
3654500,3
5412698,60
5212877,23
4718173,72
5318550,114
5431684,70
5461693,87
5426251,61
5423110,64
5433842,100
5450615,27
4677676,189
5453681,26
4121747,186
5418581,125
5420581,40
5504721,26
5173784,60
4503689,7
4479481,53
4555145,137
5496518,24
5512368,36
5368319,35
5360574,75
5439478,35
5129371,33
5499931,51
4424724,107
5527820,45
5497881,20
5512769,54
4618187,160
2950252,46
3820991,76
5533156,43
4966506,68
4141462,30
4627263,36
4486334,51
5037205,164
4915629,112
5205270,39
5271133,4
5059595,3
5116587,7
5265447,60
5301334,20
5085020,81
5332146,19
4820689,100
5358404,54
5387445,53
5179321,129
4912412,192
4936527,61
4889482,159
5218774,28
5471357,54
5131558,53
5485019,24
4361053,3
5507079,89
5114243,21
5506115,50
5217975,101
5180045,152
4779006,83
3782700,42
5543787,9
5468889,15
5025815,37
5256215,36
5288312,31
5354383,30
4104491,85
5352780,4
5352773,11
5355270,1
4624715,14
4672173,6
5206216,110
4465733,17
5302416,14
4409917,8
5131392,23
5385546,6
3960338,2
5226268,24
5418049,13
5023765,48
5174762,166
5470815,58
4972500,8
4658363,21
5441297,38
5477299,33
5523595,21
5538360,14
5219823,64
4765463,13
5238663,7
5410648,3
5427134,24
5309657,6
5442413,14
5348109,81
4497900,7
5499010,5
5517725,35
5496099,4
5499426,37
5523222,8
5073160,19
5106961,8
5070523,51
5513531,29
4935246,7
4649337,5
5169939,19
5122991,17
5069166,60
5454892,30
4921922,2
4045997,3
5537821,22
5123211,25
5536803,29
5544901,18
4512076,4
4859035,10
5304013,20
5124008,4
4879658,8
5353940,3
4499526,13
3635470,3
2955461,7
4546226,19
5476955,51
5365337,25
5248009,39
3051229,23
5523225,20
4122656,21
3969571,3
4224648,1
5395841,92
5511150,9
5485065,69
4810999,25
5078139,2
3089358,29
5490963,17
4719414,8
5549616,17
5543717,11
3960151,2
4233451,9
4465335,12
4024783,3
5265992,4
4194105,10
2969091,5
5405937,20
5179697,38
5533504,11
5405567,50
5345815,18
5539193,6
4894110,20
4885806,18
5115065,17
5516871,23
4998840,22
4693467,2
5193630,9
4449056,6
5463219,4
3637129,3
5549019,1
5549376,8
5032539,2
5122518,8
5346813,28
2914830,1
5527752,31
4121855,14
5352910,19
5082686,7
2927864,6
4541794,12
5512072,13
4299139,3
5138597,4
3774336,6
5016045,7
5110268,1
5178892,23
5538592,15
4764547,9
5169968,6
4759510,9
5303740,10
3463493,3
5395778,15
5197315,10
5499901,7
5137788,7
5333570,4
3040004,6
5410416,2
4537035,14
4360849,13
4573063,7
5270360,2
4041798,7
5485271,5
3812874,5
5506075,2
4096394,12
5250015,1
3980730,8
3754871,3
5303683,1
5025716,6
5197853,1
4668224,3
4195279,13
3451252,5
5003305,2
4485666,6
5332601,3
4114497,1
5304570,2
5361705,12
5517692,2
4355214,4
3717268,1
5513073,5
5018344,1
3962188,3
3636418,3
5032500,8
5122543,2
5523152,4
5555005,1
5018368,1
3884100,4
5528425,3
5513158,1
4590871,1
4454758,1
2928430,2
4043117,3
4566126,1
5131381,1
4312364,2
3644456,1
5506111,1
4543369,3
3773187,1
4263775,1
4882726,1
5554026,2
5538623,1
3111193,2
3346173,1
5492975,1
3399291,3
5419149,1
4479930,2
4035165,2
5474785,1
5029824,1
4599282,1
5348756,71
5052985,248
5249560,274
5074296,246
5325152,95
4912442,26
4810661,7
5319635,77
5106434,218
5159744,331
5310939,51
5126985,230
5310502,133
4153934,149
5327808,131
5333945,165
5296767,117
5099563,211
3075437,144
4600591,204
4530279,39
4735929,121
4741712,103
4264734,310
5333002,71
5312574,103
5068041,48
4349687,165
4301381,108
5354173,25
4872236,100
4349923,221
5166209,24
5090027,95
5054213,77
5275594,228
5348657,58
4517432,95
5286475,26
5326464,274
5137945,197
4856723,194
5368427,65
5008665,228
4868634,60
4959687,304
4978171,96
5229400,11
5137417,288
3893740,67
4919916,197
4706078,4
5383323,43
5374141,251
4964811,53
4831940,39
4186299,50
5053389,413
3143007,263
4824444,77
5395221,108
5251626,75
3226970,70
5058733,241
5367878,314
5295810,41
4233558,179
4254553,241
4259559,130
5140837,120
3809961,63
5355571,17
3019419,31
5346014,296
4525331,349
5270894,48
5067585,360
2928777,180
4741654,14
5212626,107
4719048,85
4915123,72
3717245,341
5382023,17
5248886,270
5404803,145
3887018,168
3203592,5
4424797,149
5297733,183
5163916,81
5360601,365
5317465,173
2940519,166
4672644,329
5004204,152
5003854,241
3944836,192
4967571,182
5110612,92
5310519,162
5338870,55
3799734,29
3742778,1
4798667,150
5017506,347
5105605,141
4776928,157
4704370,101
4337628,55
4216761,95
5053068,190
4042274,89
3620819,46
5418636,52
5462364,6
4472358,316
5255185,19
5447233,147
4409159,157
4846036,317
5131417,149
4557650,113
4516926,62
5400286,192
5395744,120
3399525,86
5426172,86
5141340,206
5404262,280
5137500,50
5264376,361
4984851,193
5405172,91
5350817,149
5381971,121
5140279,100
5003073,165
4749557,126
4915370,33
5368278,287
5478210,85
5464733,32
5179599,111
5367923,75
4330693,105
5434014,97
5139500,83
4465421,205
3799146,43
5359844,145
5264739,183
5418551,237
4112821,78
5511690,44
5339230,123
4022794,14
5289711,114
5406728,39
5461849,43
5506007,36
5364223,43
5383549,34
5470906,43
4553888,178
5317602,104
5477146,174
5426067,48
5523887,16
5522223,17
5404434,31
5226849,79
5083237,95
5538958,39
5480160,57
5122002,164
5359958,78
5512320,14
4084600,25
4437704,18
5529604,13
4579638,52
4313254,33
5346880,10
3401681,55
4383695,1
5018939,31
4303472,127
4951561,32
5003569,79
4977270,9
3589235,78
5211305,119
5265495,104
5333905,158
5310984,19
5025629,81
5373330,25
5375397,76
5080101,96
3865589,364
5198325,19
4518689,19
5324525,177
4868253,128
4958474,127
4552096,130
5325133,55
4095840,46
5416768,66
4728671,120
3645038,20
5074148,204
5374833,48
5370107,90
5396245,30
5224799,250
4679951,23
4493151,1
5195668,8
5302995,94
5348158,138
4977259,10
5484325,78
4996619,67
4789809,212
4887973,71
5275337,5
5385436,147
5461532,70
5010945,25
5517683,37
5511576,54
5516338,11
4959090,103
5265030,56
5523890,14
5324405,109
4632572,14
5221932,24
5395083,104
4040626,41
5173672,43
5477251,16
5003450,49
5478702,54
4511535,4
5438810,44
5548126,9
4646006,33
4007229,61
2915025,41
3763670,6
4613526,62
5319226,10
4719213,49
5178946,27
5262487,3
5272414,93
5227760,57
5362310,6
5159581,24
5114683,21
4867741,38
5083156,96
3424125,40
3821690,15
5328213,90
4846985,38
3945720,15
4934573,13
5426147,53
5169474,88
5084423,97
5310359,94
5303101,26
4445887,23
5468987,44
5169827,33
5441667,14
4546119,14
4752376,46
4212318,80
5478453,11
5431640,6
4326246,89
5454944,73
3054217,7
2944084,27
5490330,40
5471632,85
5469997,46
5518482,36
5518810,67
5516936,26
4959402,43
5004196,33
5311253,42
4599428,46
5360554,9
5287180,18
5304780,21
5082593,23
5159884,55
4132052,23
5025604,22
3609933,26
5296340,6
5122098,23
5132066,10
5404270,3
4746552,38
5027533,4
5330863,61
5363414,22
5272555,62
5419022,95
2930820,41
4525054,39
5404941,112
3034401,15
5286887,14
5294854,41
5052952,38
4571584,78
5491058,20
5523321,39
3255380,4
5362325,28
5543778,16
4466671,68
2969346,44
5198176,37
4827440,63
3981274,18
5219897,20
3082358,4
5303691,3
4501874,10
5138606,25
4511577,9
4988140,17
4042294,35
5368958,11
5219909,24
4712098,48
5405146,17
4040845,17
5011006,13
5312162,16
5512785,27
5457850,13
5544458,21
5499887,74
5518756,8
2962047,56
5319564,35
5316930,2
5285833,35
5359997,26
5204770,33
4873262,14
4657071,21
4374654,1
5304218,14
5179046,11
5209432,10
5498371,32
5417584,26
5310443,30
4984077,95
3844299,13
5326523,45
5420087,12
4684299,20
4648386,46
2928376,37
4252461,4
4530984,11
4450526,36
5523771,28
3369332,14
3741198,5
3762445,10
4985831,10
5302516,17
5313784,13
5318498,22
5518483,17
4874364,43
3539539,3
5362439,18
4240182,7
5367355,13
5531009,20
5172700,10
3072522,12
4912160,5
5060871,7
4759337,1
2946345,7
5461430,6
4221617,19
4942239,25
4782491,2
5493528,16
5533365,18
5175119,1
5006393,11
4051713,14
5045617,5
5460301,19
5420058,6
3679131,16
4973514,7
5210877,4
5106465,20
5220022,25
4985947,8
5188466,10
5504990,10
5537805,3
5334091,34
4059098,13
5523153,2
5311176,19
5324367,17
4765988,21
3500029,2
5215477,3
3475872,20
5056136,5
3849192,31
5452786,11
5543790,8
5239618,7
5124263,14
4614212,5
5486518,15
5287113,2
4679813,11
4066872,14
4804583,1
5318558,11
5405671,18
5326541,5
4919474,12
4874704,4
2932118,2
5539599,10
5499033,5
5537754,3
4579271,3
5470023,8
5498455,3
3820817,5
5543510,2
5291593,8
5528437,6
3761789,4
3590253,1
3771646,1
5236616,6
4646044,5
5077937,4
5499495,5
5517763,5
3359321,2
5018335,4
5175458,3
4741637,7
5340445,5
5251239,2
4754146,4
4936750,3
5463859,3
5434319,1
5129697,6
5130572,2
5506039,3
5165163,3
4920639,1
4618631,2
5412402,2
5286121,1
5295458,1
5420493,3
3972367,1
5554646,1
5173231,2
5160047,3
5248878,7
5321719,1
5544324,2
4784888,2
5463178,2
5367202,2
4463498,4
5134444,1
5545795,3
3636427,1
3344762,1
3439779,2
2889920,1
5548497,1
4869166,1
5170169,217
4671933,17
5169313,62
4972627,30
4751686,208
5007554,76
5058736,182
4790475,113
5126940,121
5066782,279
5271863,70
3321615,150
5309730,147
4835217,121
5332197,80
5211972,80
5130595,69
4551598,30
4673811,11
5067669,10
5302420,111
5286057,81
3459818,223
5347462,229
4699753,40
4959710,327
5255479,529
5202646,293
5170112,95
4889422,123
5165202,69
4174398,129
5213677,39
5011402,131
4673275,189
5373555,68
4650483,440
5311808,151
5263080,28
5066368,35
4719007,97
5327161,54
5058727,168
4441781,99
3379506,165
4867768,115
5404832,21
4322991,286
5250472,144
5288367,41
5355529,101
5139894,230
3626950,111
5159604,22
5354588,27
4120139,13
5411514,117
5419274,24
3938060,119
4746082,260
5325100,144
5365784,82
4735627,66
5396809,87
5396493,64
5207903,118
5438905,141
4132858,69
5004253,116
4013916,71
5289067,120
5405406,17
5076238,78
4626980,239
4579461,215
5305045,91
5447033,9
3635071,113
5226534,135
5210834,203
4020072,28
5453654,32
4808552,83
3153368,81
5447459,42
3701023,14
3399348,100
2930824,25
5249531,185
5347209,190
4147509,100
5478462,53
5395210,112
5498980,111
5462990,70
5427166,135
5497792,87
4518150,26
5203454,121
4940895,47
5248461,36
5411616,58
5505075,43
4206397,153
4974477,110
5225384,168
5491029,29
5369081,207
4810452,186
4644128,138
4887506,46
5051512,26
4936533,68
5424925,90
4535584,15
5091241,15
4444577,273
5505789,66
5497943,46
5523067,55
3941874,41
4922411,23
4211431,69
5203655,9
5537219,23
4591737,27
4921112,183
5512118,53
5454865,118
5409252,128
5303987,38
4027483,29
5071387,290
5255562,186
5003937,140
5003527,74
5081591,125
5348292,13
5250011,21
5185459,42
5362305,11
4408253,53
5054538,144
5293143,86
5198118,76
5212708,109
3968305,76
5270734,110
4259030,69
3353278,10
5196817,210
4303297,38
5381282,25
5255321,43
4935252,193
4434650,45
4778099,9
5413131,19
5361769,109
5420018,42
5374047,63
4706126,25
5461621,69
5231863,122
5363152,98
5433339,54
4424694,102
3367258,13
4493282,40
4498853,63
2957882,135
5477157,15
5455299,64
3452591,97
5124364,69
5505762,57
5076235,126
5523539,55
5332914,140
3131081,59
5538725,19
5441518,102
5334077,92
5271102,14
4624228,36
5339790,55
5273648,111
5333448,127
5361500,76
5170332,12
4862247,33
4735544,65
5019033,107
4303398,50
4233487,2
5373364,53
4323594,21
5105116,60
4155397,13
4531818,147
3132920,106
4744404,7
5402543,108
4416219,31
5394137,131
5419971,15
5348572,30
5008765,29
5319237,94
5410571,105
2946810,49
5462404,43
4627021,41
5489860,20
3086743,7
5511527,31
3096858,35
5325448,25
4993057,36
5411524,21
4994293,23
5387680,37
4724083,130
5257943,8
5523070,33
4787193,21
5141749,17
4959945,73
5210850,42
5056365,10
4678744,15
4095784,11
4740322,59
3688957,81
5270397,81
5361666,31
3820537,58
5333378,34
5405081,48
4041156,22
4980353,41
5446291,2
5506695,2
5375830,28
5505468,44
5340249,67
5381797,11
5179669,130
5532171,17
5308944,22
5164476,11
5165251,25
5367916,32
4626974,32
4420518,20
5396280,16
5325655,39
4864423,10
4852134,8
4412432,36
5354559,50
5478209,43
5498988,27
5478156,5
5513473,15
5534711,11
5226379,16
5309319,6
5024502,8
5361053,41
5206116,27
5173687,34
5310994,41
5117508,15
5454899,20
5491788,6
5342679,42
5527833,11
5537783,8
5354601,23
5109065,10
5477174,42
4984820,18
5251219,29
5226134,9
5361421,52
5440226,8
5324131,19
2885747,1
5518134,9
5523862,43
5537830,4
5538561,26
5542542,24
5302078,27
5286087,11
5219893,23
5352912,16
5374849,28
3891358,23
3670054,8
4789669,2
3466729,2
5175324,19
4760636,17
3112556,4
2932747,41
5549303,12
3744351,7
4626859,1
5510935,16
4566819,6
4646311,14
4935404,2
5544642,6
4102139,2
4339264,9
3961795,20
4323329,74
5303696,15
5355071,7
5454620,9
5506102,37
4644248,12
5381347,9
5212684,5
5455763,2
5166066,7
5228332,17
2926571,10
5520169,23
3868681,2
5004684,7
5369108,9
4740834,7
4699129,5
4449204,9
5390278,2
4944587,3
5225299,16
5240139,9
4040853,11
5412639,2
4544370,1
5549448,7
3936414,7
5539501,10
5317195,3
5323821,6
2907066,1
4777720,2
4736223,19
5538824,18
5227310,1
4264013,6
4374644,6
5528409,8
4498092,8
5325126,1
5369334,2
4348842,6
3475591,14
3801831,6
5165944,3
3001706,2
5258266,1
4463621,3
5116872,2
5309870,7
5265462,1
3120211,2
5256348,4
3246279,1
4042972,2
5218410,1
3475644,4
3970462,1
5538569,1
5304667,1
5486560,1
4302311,2
5446208,1
4123159,2
4651117,1
4644837,3
5441004,2
4752438,1
4741064,1
5371150,2
5202420,2
4089046,1
5534251,2
5506907,2
5552967,1
4721744,1
5555068,1
5058850,2
3888775,1
5539138,1
5069602,1
5263971,1
4105624,4
5553943,1
5381184,1
3439844,1
4466762,1
5296800,1
5070127,1
3636333,1
4845237,1
4921860,1
4716439,1
4052942,1
4365833,1
3093964,1
4644848,220
3919989,68
5205496,207
5213377,276
5016041,189
4606067,120
5348826,394
4978406,137
4413887,148
5067678,179
5302183,316
4633592,225
5060554,130
5019571,10
5324522,396
4770413,85
4149121,26
5050579,23
4364901,81
4745683,12
4348516,148
5219811,127
5123003,190
5051181,173
3823863,63
4873380,96
5206133,135
5340237,67
3475712,200
5295158,173
5332342,42
5311075,147
3832175,134
4358301,48
5043591,223
4735867,171
5068016,91
4965137,118
5202469,183
4734407,11
5296171,31
4540772,261
4335274,23
4894815,99
3762149,148
5272224,104
5210868,267
5348233,291
4964684,170
4443257,61
5270676,208
4746093,272
4486278,126
5060587,156
5051117,179
5018387,108
4919604,105
4040262,170
4834241,494
5317096,146
4195199,145
5180816,87
5020759,173
4486760,39
5348716,119
5189448,227
5346839,264
4478130,89
4984302,164
5362332,175
4703843,41
5219854,184
5404192,25
4472618,3
5374557,128
5333721,256
4640472,67
5410635,101
4441147,23
5125750,67
5287268,207
4364809,70
5069691,87
5204436,260
3751577,94
5412532,32
5027247,77
5389204,133
4464698,66
5387865,142
5068523,29
4643360,158
4887499,106
3422168,125
5426689,147
5338203,78
5433621,17
3442931,175
5419085,51
5264040,150
4725174,104
5448433,82
5406151,80
3754179,33
5026118,194
5129379,28
4195371,154
3850962,236
4633181,143
5296605,241
5424527,50
5133036,18
5069653,121
4450674,21
5317704,91
5273061,106
4713124,67
4968810,126
3343921,103
5447251,120
5485028,32
5237090,56
5254892,66
4747985,104
5143527,61
5486591,21
5373515,93
5461493,99
4916483,70
5445714,98
5463149,84
5479460,41
5053969,78
4958782,211
4112672,61
5455790,115
5158008,224
5332149,152
5499089,52
5485613,8
5494997,38
5488045,60
5254878,54
5512980,33
5479420,55
5080337,202
5478793,83
3475860,39
5108422,32
5527730,35
4494284,78
4881584,39
2926142,195
5513091,82
3633112,103
5505064,59
4765923,112
5373224,206
5454781,96
5441084,149
5383391,212
5528498,19
5507219,104
5532718,5
5538530,19
4958350,207
5506993,29
5527812,32
5131946,277
5498364,20
5552669,9
4027413,186
4658595,5
5187545,134
4851438,11
5258650,22
5333274,15
5109577,11
4874716,9
3891107,31
2940838,89
5352096,54
5361472,12
5195392,141
3500720,154
3716041,55
5296903,32
5046468,52
3803136,20
4803994,104
5058777,19
4649920,4
5059411,108
2922157,23
4703140,13
4408332,314
4186284,92
4736314,23
4914425,18
4129108,97
5309104,171
4559491,25
2895351,152
4881514,34
5359947,88
5255426,61
4962525,11
5032504,166
5132160,50
4810060,77
4181160,34
4517800,195
5206263,134
5426050,81
5325535,35
5394986,116
5461519,40
5251049,82
4535225,9
4874345,44
5074255,35
5446954,30
5354603,109
5331940,12
4619415,41
5329150,129
5476633,17
5122319,38
5510753,24
5010155,41
4691717,74
5477133,51
3981339,13
5256883,103
5528124,21
5506595,85
5512221,11
5032649,130
5225235,24
4112114,24
5354133,124
5506647,32
5329650,12
4348071,109
5217632,30
4881572,8
5212156,57
5334873,25
3132746,12
5329329,19
4826845,50
5012205,90
5361881,20
5415030,125
3355609,52
4810079,117
5227169,4
5163976,6
5463706,70
5478692,29
5374716,99
5196918,43
5417523,8
4470738,32
5510898,47
4222248,19
3688728,11
5304683,39
4331031,53
5512943,38
5534227,32
5427046,55
5538573,31
5338953,23
4165162,57
4152817,28
4103653,2
4744267,5
5484571,11
4853319,5
5447360,32
4432882,5
5445684,49
5504915,16
4746457,2
2982550,35
5497965,60
5532719,31
5523881,16
5544349,8
5257974,24
4885390,37
5197336,6
3367478,34
5011765,18
5036894,102
5187428,3
5419058,6
5252919,59
5405548,32
5025616,17
5493167,16
3586832,12
5506107,22
4012835,9
5528424,15
5165758,21
5180065,13
5294547,43
5164176,46
5354626,18
4042710,29
5465009,40
4723076,4
5523096,42
4414967,22
5139347,3
5542517,3
5500367,17
5360541,16
4637864,42
5256496,23
5104490,2
5380528,2
5460701,4
5312134,8
4122774,16
2925573,17
5461173,3
4553688,22
2963027,25
4571976,20
5535603,16
5168825,3
4086354,21
4693679,32
5373517,5
5395899,71
4825533,31
5255679,7
5318699,6
5538699,13
4984844,4
5374380,17
5152599,14
3993408,7
4921079,4
5302730,9
3952945,11
4748436,3
5394614,5
5425048,14
5311278,20
5528264,14
5505729,38
4572651,12
5361513,9
5375330,8
5063192,21
5523918,19
5086120,3
5034260,22
5287550,5
3612212,7
4868327,1
5069848,14
3996627,9
5138704,3
5543431,13
3694390,10
4068080,15
4986081,15
5388627,1
4511571,13
4244812,22
5332847,7
4220959,3
5439501,6
3477129,1
4131792,3
5249994,13
5293470,9
5241743,1
5405565,11
4717155,2
5527805,7
5544175,6
4251660,12
5068246,2
5229386,3
4540397,1
5439503,13
5289449,1
5522092,9
3218204,4
5387848,4
4153896,4
3227070,4
5231912,1
5517575,1
5539486,13
5549658,9
4957793,4
4375308,3
4778333,3
4304542,1
4423103,9
4692475,3
2967731,3
5218157,3
4019911,4
5037012,4
5004499,4
5534581,3
3437386,4
4144888,6
4423909,3
4486968,4
5527790,5
5062582,3
4008445,3
5426206,2
4617284,1
3998941,1
5169324,6
4636530,5
5265927,5
3096059,4
4255170,1
5226758,6
4610639,2
4579381,1
5552650,5
5319563,5
5534175,4
4599002,1
3947260,1
5513327,6
3994570,3
5554036,1
4497749,1
5159543,1
5086931,1
4477982,3
5550004,2
5198267,3
5326069,3
5248747,2
4102924,1
5463106,1
4680537,1
4352729,1
5513123,1
5460466,2
5544280,2
5308747,1
5312004,2
5185271,1
4498157,93
4656235,1
3771362,108
4393131,11
3475104,78
3598530,5
5356164,63
5157188,14
5296776,167
5219142,249
4019859,48
3905537,72
5256251,33
5174479,129
4940284,237
2932850,7
5164670,148
5221083,620
5083506,77
5345600,145
4529583,44
5169488,151
4110667,33
5256637,174
4552639,42
4915129,160
4571377,55
4974552,193
4941168,6
5115303,260
4894087,118
5341175,210
5255932,167
5174524,359
4980869,310
5225058,199
5319005,258
5207399,64
5333150,84
5179172,1
5157604,494
4778314,20
4652099,69
5228379,106
4638038,136
5352906,353
5053111,233
4604343,130
5218407,43
5325471,112
4598077,572
2894871,169
3681569,95
5114957,228
5354936,51
4263025,63
5391862,18
4319875,3
4358221,15
5395225,265
4934638,162
5381254,58
5368029,120
5256384,238
5145138,296
5310952,283
4643382,68
4155636,53
5228217,99
3946994,147
4965822,251
4040384,142
5404301,89
5250030,117
5425168,137
5319326,71
3952989,75
4842162,99
4894765,295
5316975,249
4777019,90
5226726,178
4004354,121
5289482,32
5195083,48
5226786,90
5403816,83
4024081,98
4990203,189
5446148,42
4493566,43
4510572,200
5346362,145
4264497,217
5159306,299
4869168,101
5454816,15
4479381,89
4777676,35
4662188,337
4236063,190
5202619,252
5115955,188
5121546,86
3916755,104
5305152,121
5412886,143
5397002,188
4605659,47
5362334,160
4519517,37
5478145,96
5490334,50
4233720,93
5273458,143
5470943,11
4472631,70
5169406,35
5412094,112
5355545,46
5506024,25
5286519,29
5313093,211
5486510,46
5449215,42
5491111,102
5303130,32
5478341,82
3943399,84
5387842,142
5248864,144
4480545,37
5271509,19
5528444,13
4939232,53
5003499,50
5499690,50
5385040,73
5262474,139
5373102,91
5419099,19
4778792,94
5073148,57
4497911,38
4705527,177
5527891,20
4414940,83
3521193,97
5248796,111
5452863,21
4598315,41
5499913,131
5537946,6
5395257,216
5123052,7
3837162,231
5296471,158
5352897,181
5254427,36
4479090,35
4898205,111
5164434,98
5347884,127
5122572,90
5017951,23
4059435,248
4957790,4
4985131,66
4473097,9
5352896,25
5226457,6
4764392,90
5301387,5
5317671,21
4225010,60
5352797,23
4487711,47
4034260,70
5035533,76
4373795,30
5295754,88
5426850,19
4038846,25
2904200,32
5471442,25
5462257,124
5480176,14
5471342,56
5453697,31
5456275,17
4984824,30
5449085,28
5470087,39
5137931,31
4536821,159
5463440,29
4322808,59
5507042,20
5169990,16
3227153,29
4714705,15
4553536,19
5522110,10
5528548,21
5518880,43
5528456,23
5516969,29
5538591,5
5471798,51
5527684,49
5485009,36
5386794,21
4620268,37
4186809,123
5538498,15
4747243,36
5096387,137
5347429,51
4516334,37
4679003,30
4644662,22
4778251,77
4854712,66
4500882,24
4157224,91
5296506,73
5372865,60
5396523,39
3899789,9
4846111,16
4423322,26
2926170,133
5405478,35
5128974,12
4868361,46
5305674,17
4423937,44
4760860,77
5386980,24
5455260,54
4425941,53
4473248,43
3650938,1
5326934,33
5471341,13
5534660,11
5463749,123
3944494,27
5522282,33
5537991,44
3500554,27
5011101,41
5539201,15
5352833,105
3894433,11
4579635,13
5355288,33
4986153,14
5355449,4
4696214,31
4493103,39
5310197,23
4233511,30
4315314,15
5357051,14
5170700,141
5402459,51
3023513,34
5388303,56
3613245,36
5287308,43
4758711,45
2951779,1
5469128,36
4914950,26
4841757,5
4873073,75
4553898,2
4740161,33
5499893,17
5528435,5
5533146,21
5542999,31
5341174,27
4598089,20
5113639,14
4286008,16
3647292,12
5339190,55
5205188,38
5324300,14
5376011,8
4966880,35
5394706,46
5106296,45
5361875,23
3896537,24
5388717,30
5470207,13
4619853,29
5511682,1
4338229,31
4288141,4
4129998,24
5107773,30
4351430,20
4474827,8
5286608,8
4480466,11
5254568,14
5425389,29
4049877,22
4999922,12
5498387,49
3204059,23
4929476,17
5543772,10
5360366,3
5383040,27
5485240,28
4194002,52
5454901,7
5534695,11
5476567,24
5538966,14
3502899,8
4712977,3
5221152,13
5158938,5
4321803,29
3910561,4
5318398,11
4944474,12
4818253,13
5469091,6
5470899,4
5309391,19
4678338,22
3801331,19
5375135,21
5116277,14
5490586,19
4010727,13
4365600,19
5533302,13
5534726,9
5119411,10
5296815,10
4796153,15
5462623,29
5553605,2
4840902,21
5339226,1
5505049,19
5079212,1
3708560,6
5472376,4
5552682,4
5052237,6
4797969,3
2931334,11
5526509,7
4965828,8
5463566,12
5304330,3
5251082,10
5462245,10
4724401,18
4779258,11
5547586,11
5553180,3
5360329,4
5239253,4
4357372,2
5491050,6
5219852,8
5543017,12
4300586,2
4679303,2
5461485,2
4371402,14
5033195,3
4156053,2
4060738,7
5289626,15
5507044,10
4839853,3
5009215,3
5530254,12
5250332,9
5539208,14
5176672,1
5549505,4
4212020,5
5230512,1
5520279,11
5547982,6
4574640,4
4447228,3
5461125,4
5242099,1
5539518,1
5265535,3
4045906,4
5505002,5
3597535,3
5217927,3
5543734,1
3409373,2
3340401,4
4372108,2
5492931,6
4910857,5
5429822,2
4747657,2
5366544,2
3937023,1
4223972,4
5133796,2
5332983,1
5007501,5
5447256,1
2929660,1
4909180,1
5512742,1
4869187,1
5052166,2
5115365,4
5548969,4
5332959,1
5543760,2
5154026,1
3599413,1
5085010,2
4133523,1
4440031,2
4495750,2
2972269,2
5139220,1
5301623,1
5346201,11
5296585,427
5297055,60
4950821,261
5257561,48
5304161,16
5348096,163
4364336,146
4052610,172
5166152,458
5331953,55
4791254,38
5257979,17
5221432,129
4494042,45
5165140,20
4844510,30
5054236,14
5106365,138
5249965,27
5122168,110
5273459,182
5071047,137
4912988,57
4121365,77
5302110,129
4613032,279
5107614,155
5204340,285
4606374,160
5011029,206
4970994,180
5035445,67
5109000,77
4886466,154
5138226,147
3813528,90
4751636,97
5251178,257
5374353,24
5257385,84
4893233,183
5361443,60
5068200,76
3060896,171
4970750,334
3946079,137
5198213,286
4487064,286
3700536,26
5383463,202
5255389,154
4881593,217
4946836,206
5332597,85
5198241,235
3718226,312
5381935,102
4742252,270
4215795,247
5256940,178
4995477,20
5340520,47
5204269,203
3854963,183
5389047,49
5367397,98
5317468,95
4612459,121
5203567,232
4264488,47
2926841,30
4341426,61
4331916,398
4045394,22
5317375,187
5273180,362
5116272,191
4367430,31
5325056,75
5358979,2
4325997,105
3733395,176
4833765,70
5411546,95
5212248,280
5334162,126
5165078,128
5272682,208
5151321,111
5389387,23
4612373,77
5286799,25
4844951,72
4520568,20
4510026,28
5243026,40
5433502,26
5395014,213
5426155,144
4449538,45
5359891,194
4911391,342
3421486,35
5462070,46
4889252,18
5116578,140
4524411,53
4959785,84
5130032,192
4499671,12
5412139,58
4417366,22
5465144,98
4122673,10
5446701,150
5044915,127
5305256,90
4009983,49
3918252,106
5456412,107
5374170,86
5497958,26
3918668,91
5449090,49
5485039,36
5381878,104
5499407,59
5471834,103
5067563,138
5484087,71
5505048,53
5401593,95
5318906,128
5165114,161
4226205,122
5072441,101
4000948,90
4880792,68
5265493,271
5518657,40
5522146,31
5415842,143
5318580,155
4933357,150
5050680,120
5258211,121
5205524,169
4027965,188
5489902,62
5302142,111
4112664,37
5463655,168
5479353,18
5033434,216
5505740,41
4907992,79
5454484,68
4366246,37
4076078,59
5504793,84
5412687,155
4373417,97
5073807,25
4737985,40
5169220,96
4578297,35
4619707,21
4808918,11
5332908,139
3827930,50
5114152,22
4282958,150
5297335,61
5225227,28
5229395,14
5296806,16
4408305,50
5203691,35
5331645,28
3620117,14
5104140,52
5374060,23
5288834,31
5277578,19
5354597,132
5374398,24
5050122,51
5378355,19
4204467,35
4840058,122
3634447,93
4740151,69
4965310,143
5402976,13
5206985,67
4572050,118
3736211,90
5380760,63
5003092,108
4236070,75
5165907,17
3633295,36
5419982,21
5212475,71
5426739,53
5272393,35
5219843,59
5354672,144
5389748,54
5427091,52
5402110,145
3196540,22
4680724,61
5219121,23
5125164,47
5357817,90
4428818,105
5388854,13
4804560,5
4473842,116
4995469,49
3635024,90
4977526,93
5397354,16
5326080,43
5411534,70
4867776,89
4957886,87
5373431,121
4226144,110
5483265,34
3434940,76
5428301,14
5454203,32
4713179,52
5506822,38
5003472,25
4845847,42
4525308,42
5318877,69
4042700,40
5296602,62
5506178,68
5384160,12
5523049,34
4797468,8
5547537,6
5374112,58
3878003,188
5507069,12
5516468,39
5537838,27
5346029,22
4048554,18
4291384,16
4253549,64
5248774,8
5158083,27
4571158,101
4913109,12
3838939,47
5081315,26
3980110,69
4698073,116
4716125,27
4691019,54
5332937,89
5404962,34
4464438,31
3358770,47
4624366,23
4992675,11
4187267,15
5380024,3
5097470,54
5217382,65
4949212,44
5359667,59
4959607,96
5527431,14
3623855,1
4489028,38
5035367,15
5512310,24
4672272,39
5327353,61
5543762,14
4651915,90
5157666,89
5539322,9
5353898,12
4970946,42
4965815,64
3973221,3
5166106,9
4112660,33
4541864,14
2949302,31
5002540,50
4826929,117
5478889,31
5125542,8
3738000,36
4709638,18
5499022,39
5447642,56
5529537,27
5420320,36
4653134,47
4511527,7
4741740,18
5169841,77
4604790,34
5374413,19
4354743,9
2870173,59
5368808,12
5160491,12
5252585,73
4766432,57
4426085,42
4989474,4
3450131,6
5361835,22
5383914,35
5151537,21
5325055,59
5537748,22
4120278,21
3614048,11
5164504,15
5213374,19
5203997,11
4760071,57
4853197,19
4214612,4
5363499,12
5394298,22
4736357,2
4874487,3
5498905,45
4932018,29
4895276,8
5548900,11
5523099,18
4571445,35
5217003,10
4126536,14
5346359,15
5324527,1
5369702,32
4581697,1
4511903,32
4874251,21
5527757,5
4367955,17
5310955,16
4965793,5
3638440,20
2931665,15
5368290,39
5517620,2
5528432,9
3897960,10
5548869,6
5218158,4
5375761,14
5440696,9
5158978,5
5404864,29
5511020,6
5270359,9
5361468,18
5205409,9
3160469,5
4346994,4
5026466,36
5237534,24
5324494,6
4529500,6
4407878,33
5523897,27
2939921,5
4626035,17
4358498,9
4029348,14
3864586,18
4986858,10
5164474,31
4146452,2
5471311,10
5491980,22
5523127,6
4553073,6
5226248,7
4210795,5
4536703,23
5248346,22
5214903,20
5511530,20
4852717,3
5511583,6
5523200,19
3064910,16
5544883,8
4939558,9
4758376,10
4323923,21
5483288,23
5543033,9
4541888,36
4224505,7
5248896,7
5206206,4
4870335,6
4397184,2
5403269,5
5450308,12
5527112,28
5114242,14
5159910,6
4431969,1
5348925,1
5419151,11
5333465,13
5512089,8
5539166,9
5542919,5
5326590,11
2936464,9
5266018,25
4933119,23
5198183,4
5213646,4
5318908,5
4887535,4
5180196,4
4303264,20
5498792,3
4874382,5
5165223,5
4050117,7
5129731,7
3075290,2
4284203,1
5395367,10
4468616,3
4970812,3
5019022,3
4598101,4
5334090,3
4734031,3
5516064,9
3897156,3
5122498,2
4180399,2
4564735,6
5522057,6
5341133,7
5056680,4
4753037,3
5493018,1
5155168,3
5173349,14
4472329,7
5447426,6
2894715,4
4964499,5
4083691,2
3053614,2
5512477,1
5532045,4
4773566,1
5219573,2
4386347,4
5128691,1
4918181,4
5198143,4
5516931,6
5543531,1
5339196,2
4905229,2
5528475,4
4887294,1
4747648,2
3020326,3
5169245,3
4867070,4
5544959,1
5105752,2
4060494,1
5466122,2
4374684,3
3867133,1
4708177,4
5325605,1
5544356,2
5537849,1
5051187,1
5380158,3
4626613,1
5427126,1
4844865,1
3367068,1
5164699,1
5491061,2
4041017,2
4041012,1
4005819,1
5554058,1
5303372,143
5213337,31
5324537,10
4489917,146
3832925,234
5288212,164
5312625,91
5347595,170
4913153,43
3967187,38
4625503,136
5286388,375
5239592,278
5355276,4
5106492,226
4579092,142
5257968,15
4581156,239
3762058,413
4843473,10
5010471,315
5025622,208
5249464,132
4970854,167
5140430,114
4511960,179
5174633,50
3954723,17
4211898,37
3872159,6
5346278,142
5257861,85
5046454,97
5302762,106
5341186,28
4652677,10
5374817,40
4692537,255
3598539,162
4558413,31
5115571,37
5309101,58
4657106,333
3358941,128
5180805,97
4608464,180
4970770,178
3772692,147
4734526,328
4082745,33
4408251,20
4913712,110
4759527,171
4985523,318
3762069,210
4284999,190
3758181,43
4741675,14
4658714,20
5062239,89
5374734,108
5248041,186
5226360,399
4919968,369
5397309,46
5339195,7
5355491,87
4759874,201
4510388,147
5019119,125
4915041,190
5160367,110
4643237,12
5049683,215
5179681,226
5399982,15
3637339,153
5361511,446
5396394,64
4013798,128
5354617,189
5121588,2
5248853,66
4858452,149
5266172,55
4647808,76
5295327,213
5197328,62
5395154,6
2955278,48
4986157,96
5452968,138
5412026,88
5074906,72
5353449,169
5170190,150
5175169,64
5310158,44
4677968,137
3670561,85
5404904,20
5083974,44
4715668,54
5295836,31
5396407,91
5412629,18
5383415,27
4021572,161
5354651,67
5074355,65
3119416,123
5402167,183
4673855,77
5486442,6
5106546,227
5388518,24
5340814,76
3090872,198
5483980,147
4867753,160
5210804,11
5309242,196
5471846,31
4380414,126
4495555,131
5165804,155
5374730,151
4657387,21
5334153,43
5355559,66
3109117,67
5477528,64
4983472,35
5501907,18
5506720,41
5426857,95
4450306,32
5446389,89
5224595,64
5026532,55
5396058,204
5411200,53
5471065,87
5108961,107
5411509,48
5333144,25
4067968,51
5347552,86
5513141,95
3709741,17
4786546,6
5503558,34
4514439,190
5226367,208
5332986,10
4736724,26
5500406,35
5544355,1
5138232,75
5530033,25
4316794,3
5529111,29
4465550,21
5446746,54
5471840,66
4412536,27
5165267,247
5218127,30
4650507,41
4329196,5
3751543,31
3801157,51
4649791,13
3218143,28
5113855,105
5188420,105
4656070,44
5170316,5
5138442,49
5219896,24
4566970,31
4579497,91
5005633,65
3668460,76
5116244,17
5368718,18
4631045,170
5261768,364
5332096,89
5285685,76
5302294,116
4295655,170
5295742,31
4016310,55
5402506,152
5360551,79
5227489,65
5298095,149
5404891,139
5404933,195
5427100,79
5250331,22
4678371,188
5004238,129
4692567,15
5396443,64
5360766,72
5352672,2
5065439,3
5304619,46
5484906,43
4372742,30
5050086,16
3120350,27
3875642,28
5325016,99
4978434,29
4792452,83
5470533,10
5460662,65
4538988,48
3945768,179
5381846,66
2943046,5
3421278,12
5506853,47
5443475,70
5485021,63
5482520,43
2895434,187
5485507,12
4040689,50
5544387,23
5511127,43
3516958,16
4329296,88
4434064,21
4798200,68
4872729,130
5125607,58
5084143,18
4095262,37
4983768,14
3998369,66
4910065,45
5273276,10
4868970,138
5296868,20
5248216,21
4284112,19
5294962,5
4718773,85
5124308,4
5057624,75
5311290,46
5426112,35
4300879,42
3407433,2
5362304,25
5448455,48
5007005,39
2931289,5
4893298,7
3934053,21
5468865,192
5027785,52
5481905,57
3145120,47
5455223,129
5354277,78
5522275,15
4973132,17
5353434,40
2938121,145
5394838,42
5294740,13
5513098,48
5017542,14
3516311,7
5312059,93
5347369,5
5339851,99
5266108,98
5010387,13
5361031,51
5250420,119
4366452,31
4163188,46
5154541,28
5215575,3
5252600,26
4920404,32
5296961,22
4718962,6
4356265,6
5215556,26
4672609,98
5478310,32
5383418,24
3694253,7
5168368,92
2903228,11
5264442,25
4868966,18
4010714,11
5317285,29
4690931,21
5405042,2
5368352,65
5010738,47
5528237,8
5534463,20
5522827,7
5484316,26
5305051,20
5543771,22
4611567,9
4358782,29
4184117,4
4980336,74
4148609,17
5484330,25
5522075,20
5230208,30
3436715,3
5146462,9
5318161,10
4692224,15
5420042,23
4856959,36
4920482,2
5413290,26
5354749,4
5512213,16
4356859,17
5497923,8
5543801,28
5539182,4
5523874,24
2934218,8
2869278,21
5332974,25
4679675,1
3978052,31
5325020,29
2998385,2
5362324,26
5332449,10
5455427,23
5011007,13
5484603,7
4465682,14
4778920,22
5053020,29
5533927,10
5179341,28
5312270,8
5058772,10
5439209,13
5246837,24
5086583,4
5504348,6
5497882,7
3030482,6
3231684,22
5293554,9
3402457,21
5220621,20
4845905,17
4699154,31
5210811,11
3189411,2
5446231,34
4999550,10
5497908,1
4633269,24
5034244,4
5263235,13
4166498,14
5115269,9
4662772,9
4810047,21
5499839,21
4895347,15
5007156,12
5141194,13
5239462,37
3752449,9
3969990,7
5549033,18
3744385,16
5197505,4
5318723,10
5310997,10
5441296,9
5441041,25
5396553,4
5511033,14
4040847,1
5396299,16
4809331,6
5005686,27
4723072,9
4441562,7
5271126,1
5287271,8
4013490,8
4818618,6
5084315,1
4693702,6
5463217,16
4494232,3
4692622,8
3503406,6
5549360,16
5002535,1
4643379,3
5257419,4
4682341,8
5402387,4
5471847,8
5331600,9
4704507,6
3094220,1
5299957,3
5506169,2
4262829,2
4556053,3
5085082,1
5005078,1
5264496,4
5355063,5
4805025,8
5499923,2
4881324,11
4854976,2
5114779,3
3612404,1
5255616,2
5107420,1
5511004,2
5361528,1
5226790,1
5552471,2
5204390,2
3114656,2
5332405,2
5204596,1
4383608,2
4514167,3
4692454,1
4607375,3
5539598,8
5018652,3
4631881,1
5009891,2
4189983,3
4797918,1
5362291,3
4773463,3
5512182,1
5381647,1
4647332,1
5478457,3
5553909,1
4197119,1
5083050,1
4029834,54
4102596,56
5250341,363
5219097,50
4959005,40
4032416,6
4583184,11
5346156,8
3998260,5
5295948,135
5348574,113
5331077,171
5122519,58
4735855,251
5113871,121
4658702,27
5165146,12
5180999,39
5203223,50
5264240,120
5130629,102
4878864,163
4571534,493
4833154,200
5250124,107
4578390,264
5005684,307
5159663,180
4464332,382
5334079,11
5245211,311
4487174,69
4830034,95
5318399,91
4797272,48
4873318,293
5053890,182
5326516,92
5164551,243
5276173,167
5348358,46
2894948,57
3527160,229
5204223,118
4253265,336
5367779,43
5211874,64
5170666,92
5197330,253
5233854,90
4698655,95
4060767,74
4933315,176
5005212,94
4673799,313
5141790,266
5252394,110
5397054,175
4917065,199
5264526,95
5367468,28
5294803,291
4870120,21
5359946,70
4791202,235
5382990,75
4761114,63
3501304,114
5396999,93
5397186,197
4498291,218
5173801,195
4051325,122
5382185,80
4833776,152
4193386,60
4960908,93
5348951,52
3419580,146
5106509,243
5033182,105
5348427,132
5060078,50
2974881,74
4666083,87
5131367,135
3243390,163
5404280,217
4554374,67
5395735,136
3876668,97
3903211,25
4391741,152
4658403,22
4417511,184
4360090,150
4330985,17
5404860,24
5285902,166
4243699,167
5247802,45
5420044,160
5325002,33
3914202,38
5289967,349
3612345,90
4192936,17
5463633,132
5366616,144
4492069,158
4881523,125
5404193,70
4187580,136
3868092,263
4004192,60
5367780,84
4882143,170
4968175,112
5217691,252
4346771,236
5479272,135
5251879,37
5397362,127
5325641,189
5327331,82
5476931,158
5485628,68
4554267,91
5117191,77
5479369,37
5463017,18
5318376,68
5455775,50
2974966,80
4780254,181
4826866,42
5105736,5
5180169,133
5053974,45
4465138,67
5158130,89
5320299,118
5499918,25
4723122,20
5484502,10
5249989,161
4316287,65
5130016,34
3893344,82
5524012,13
4592166,314
5159456,45
4092419,98
4493375,55
4847371,54
5468992,58
5225579,25
5026015,251
5510945,45
4211362,79
5499369,31
5505057,95
4868071,190
5518745,35
5508611,31
5361234,58
4486294,112
5498967,52
4691947,54
5461549,67
5169068,159
4986964,6
5196875,67
5348863,13
3433573,122
4711706,7
5226763,9
4737163,50
5066010,463
5178950,32
3621008,17
4998307,30
5239873,41
5251257,22
3897097,4
5311907,31
5193118,119
3754231,94
5272566,63
5003911,41
5319842,84
4881520,202
3838783,52
5381338,26
5291911,83
4885518,24
4899706,34
5318395,56
3623101,59
5074922,112
5316186,42
5224535,45
5389309,55
5388919,157
3970204,57
4868471,196
5332163,40
5203201,8
5409403,80
5362731,22
4888336,27
5018906,100
3997180,16
5439508,73
5318396,114
5455752,5
5448252,145
4792306,19
3813743,59
5346380,57
5469809,33
5455702,36
2886584,151
5302481,50
3798866,46
5471980,17
5505524,69
5499946,85
5124388,13
5005974,79
5399293,105
5525171,47
5484589,57
4028165,75
5476240,61
3876169,52
5518782,27
5460474,147
5462331,110
5539215,22
5499087,35
5538059,17
5017499,148
5542803,20
5360441,80
5547534,15
3961063,50
3070639,1
5214953,60
3994444,9
5137826,25
4095791,2
5168824,41
5280589,26
4797560,12
5324633,170
5411518,22
4148928,43
5334236,68
5368693,4
5255916,70
3626282,23
4934584,49
5455801,24
4657629,67
5469971,29
5462985,21
4971406,78
5302685,60
3911953,11
4876106,158
5523114,22
4808019,6
4142496,66
4471223,7
4625469,59
5292691,46
5543743,12
5484604,100
4710638,27
5303604,25
3917460,27
5115402,111
3911970,21
4852745,30
5315004,19
5138785,20
4084643,68
4113664,6
5412726,19
5216259,79
5103867,28
5518478,16
5486190,25
5491739,95
5317972,134
5448804,71
4627247,37
5543823,5
3896386,21
5511580,38
3633962,12
4397579,42
2970452,22
5512154,26
5326434,50
5362254,9
4723107,64
5204713,9
5228005,36
3248522,1
5462611,18
4968719,15
4565655,68
5289250,1
4012943,10
5485733,35
5544408,17
5549909,11
5173941,58
3782398,19
5247866,57
4350011,7
5383706,25
5160387,14
2930590,9
5403686,75
4035227,9
5479356,9
4880837,19
5200975,8
4392050,12
5515944,9
4942257,23
5361899,2
5323813,147
4228298,27
4242380,18
5426733,9
5169103,4
5428241,21
5174739,3
5410220,5
5453507,33
5331644,72
5066380,23
4599095,11
5447289,25
4915525,10
5077584,22
4784904,13
4500043,20
5319254,47
4693239,12
5165090,17
4027867,3
5164691,25
4986298,1
5448797,37
2940018,10
5457711,23
5461536,4
5529047,28
5537886,21
4315365,18
5548972,5
5549943,14
4416175,16
3884717,11
3886542,1
5290055,6
4612889,14
4886574,10
3904462,13
5286607,27
5211054,8
4578396,6
3688501,5
5517759,4
5431536,22
5543719,8
4182479,1
4747873,3
4992843,3
5375277,6
4829956,9
4499876,23
4593051,6
5461512,35
4915632,25
2895139,6
5543108,3
2940575,8
4304577,22
5113238,4
5131314,4
4564875,30
5383214,19
5420063,19
5499635,12
5499238,11
5138916,9
5286267,21
5008922,4
3427546,11
4921340,4
4921070,7
5447674,4
3969138,7
5553021,9
4790650,6
5063591,17
5522746,5
4579223,7
4648430,7
5031781,8
5498996,6
4535640,6
5031739,8
4320802,5
4691253,6
5504781,3
5454048,7
5356096,8
4322516,9
5008987,5
5248798,4
5179716,11
5219143,5
4630383,12
4957928,3
3698085,9
4833554,7
3089281,3
5050448,1
3888816,3
4977281,5
5118082,3
4018319,2
5516415,3
5317507,7
5528418,4
4050644,1
3520711,8
5158791,3
5325193,2
4604643,1
5499428,3
5522090,5
5071292,2
5360560,2
4699734,6
5537414,3
4599021,1
5105715,3
4862674,9
3907489,3
4489442,2
5348947,5
3228148,1
5390466,1
4367296,2
3219437,2
5550117,4
5360654,1
5260426,3
3753313,2
4692598,2
4518187,4
4703780,1
5500317,5
5539108,1
3899079,1
3435331,2
4473888,6
5322440,1
5341434,3
5542272,3
5366589,2
5326658,2
5066786,2
5367848,1
5255849,2
4214831,1
4632414,2
4811026,1
4451700,1
4645568,3
5542506,1
4811735,1
5374182,1
5271687,228
5220164,256
3916089,9
5256342,28
5348310,36
3393179,173
5104252,40
5323965,67
4921056,303
5121110,277
4465664,108
4424145,292
5247914,133
5295024,18
4845310,59
4627142,39
5287650,69
4869729,35
5121722,171
5118165,47
3110182,133
5312094,186
4768438,155
4879521,220
5120882,108
4875703,142
4699156,92
4914169,176
5169362,53
4035212,98
4965389,160
4027388,3
5362388,115
5092814,82
5256255,85
4825983,136
5105648,106
5052981,404
3983314,197
5181071,16
4984455,318
5254477,213
4012859,126
5169181,110
5303157,153
3707646,275
5206192,330
4724552,228
5128598,98
5271768,295
5357548,82
5169820,5
4674280,2
4532374,133
5366602,158
5130068,251
5145880,171
4376421,477
4097624,78
5173690,83
5355294,172
3698459,296
5210534,71
4516025,74
5255324,50
5390040,140
5324317,41
5094786,97
5297310,201
3751566,37
3956036,48
4372753,95
5388708,7
4303751,66
4958007,99
4868279,113
5404169,176
5402488,149
4314261,129
5250661,27
4851117,119
5138131,19
5412769,210
5409918,83
5317450,30
5405551,210
5396502,66
4541499,189
5374736,47
4011552,65
5107320,90
5383432,44
4803987,48
5239971,196
5198297,225
4797623,43
5154441,102
5019177,129
5354521,161
5378395,149
5174834,28
5395399,134
5249585,193
5446828,81
2912701,267
5083598,42
4435017,86
4879692,150
4717605,245
5227428,40
5414981,73
5420258,50
5454703,179
4150138,34
4417549,131
5463231,86
5249447,148
5206277,19
3636342,200
4577172,67
4981877,67
5157551,28
5124283,218
3359317,3
5018879,56
4845880,103
5470973,102
5453617,23
5226694,156
5447956,134
5446037,111
5368679,147
4922405,176
3718344,146
5395190,158
5310941,97
5463734,37
5418268,137
5463767,41
5411731,40
5355121,74
5297921,140
5454742,114
3867244,86
4450505,164
5471841,67
4252642,97
4703938,95
5404322,99
4531224,117
5498998,34
3951792,282
5138434,99
4156948,224
4833627,87
5099704,42
5244042,67
5395292,53
4716906,103
5361523,234
5226722,19
4321756,52
5410438,53
5427141,88
5255328,154
4957814,11
5479282,27
5346345,111
5395238,145
4946567,88
4536733,55
5533966,25
5003919,111
5248382,62
4626074,170
5140067,36
5105178,158
4186691,76
5347050,116
3355215,119
5004526,49
5327093,106
4795376,84
5107074,122
4748040,10
4973245,73
4124475,28
4034589,132
3709813,124
5316680,131
5325707,17
4004319,9
4964244,29
3638664,136
3896826,150
3695674,253
5178953,58
5034028,15
5120155,104
4421190,14
4678838,329
5159079,73
5356159,17
5286978,209
5373542,9
5361534,66
5123131,55
5140244,5
5325592,6
5397221,53
4212117,59
2950334,62
5387569,12
3990952,126
5434379,65
5132205,62
5360321,109
5069161,54
4705148,51
5316614,127
5426063,31
5376444,7
4100626,4
5382753,84
5309384,56
4183165,39
5453596,33
4692530,201
3883737,26
4624237,27
4869098,82
5020187,52
5453672,33
5256793,203
5478264,46
5461564,12
5471356,1
3601147,93
5478700,39
3593600,140
5420621,118
5438811,102
5169018,77
5448154,64
5512945,38
4431252,26
5286942,38
5477217,58
5491094,119
5473857,71
4416220,119
5029226,155
5413087,63
5452993,52
3229626,11
5310362,43
5131960,80
4736704,59
5317240,73
4398856,55
5225545,37
3371222,29
3634169,23
4448069,18
5013672,19
5341210,69
3207543,26
5121337,16
5248892,21
5255956,78
4899641,129
4195544,207
5381928,28
5348618,35
2983535,10
5405571,24
5236416,20
5448443,22
4035678,80
5454097,24
5331692,82
5446981,3
5262415,235
4790017,95
5439505,46
4425101,8
5485574,22
5201418,71
4498319,22
5507115,14
4784761,7
5347073,76
5369065,33
5523107,8
5449063,70
5479307,3
5469678,30
3754089,18
5522220,7
4572797,63
3474657,14
4658841,6
5237322,15
5106316,51
5332856,50
4960857,13
4353992,55
3434085,2
5332470,19
5359727,16
4711220,52
4805437,41
5244851,5
4093764,12
3842575,56
3564741,14
4869011,32
5368087,45
3108880,6
3971988,12
5160722,60
5287719,8
5289574,54
5484354,71
5192870,22
3058127,37
5538651,39
5539310,28
4913820,4
4391733,43
5332275,25
5353383,23
5259965,16
4791174,3
5339878,15
5289981,45
2931712,12
5294513,60
5004214,23
5347011,13
4779032,52
5052203,7
3601475,10
5059034,62
5491042,44
5347610,48
4598063,39
5107555,73
5498890,46
4644200,24
5495165,12
4898855,1
4966942,25
4537393,1
4374072,21
4524976,16
4750718,12
4607384,24
4970658,16
5274896,24
5124618,23
5387537,25
4827065,40
4418277,6
5512288,29
4353988,39
4742363,10
5504195,83
5506132,4
5420402,11
4190500,20
4970096,10
4030144,14
5266354,17
5196461,15
5332522,47
4613832,62
4215160,1
5534357,3
5207960,13
4960834,37
5244767,53
5490984,34
4233683,22
4875725,19
5145165,17
5082183,6
4978319,10
4868647,44
5451521,2
5498984,24
2935390,32
4868436,10
4417989,7
4972600,6
5326458,7
5213341,14
4392774,20
5305503,3
4740130,12
5198214,6
5169845,4
5549532,8
3907678,2
4465655,52
3906430,13
4372932,13
4415447,24
4020164,18
5470007,17
4980025,29
3765017,7
5212058,5
5447294,1
4760020,7
5034283,5
3220531,2
4492521,14
4303765,22
4773361,22
4356628,2
4391484,6
4505534,6
3895488,8
5523148,17
5360532,14
5060766,2
5054235,3
3089110,3
4523584,18
4331277,10
4111955,2
5447138,12
3934861,5
5066113,20
5538918,31
5115924,2
3646787,11
5355391,8
5540448,10
5534590,11
4618429,3
4581990,5
5512994,12
4887309,5
4803005,9
4042323,6
5166170,12
5462616,13
5516921,9
5489889,12
5544362,2
5062167,4
5512829,13
5354510,3
5160437,1
5367819,5
3212558,3
3744597,16
5497975,6
4059114,5
4373822,11
5555079,3
5175148,7
5405918,3
5303003,3
4058881,2
5548557,7
2927397,6
4644821,2
5512437,3
5303234,2
5446260,2
4693935,3
3960786,1
5334103,4
5411105,4
5286474,3
5347575,1
5454746,7
4869296,4
4678349,1
5532720,1
5366284,10
5209456,1
4282137,2
5107954,7
5316950,3
4192623,1
5304027,2
5347449,1
5366830,2
4745404,2
4845906,1
4480847,10
5333912,2
4604762,2
5542936,2
5168487,1
5083225,1
5543792,3
4558570,1
4673316,1
4052539,1
3847395,2
4034599,1
5260714,1
5017116,1
3885957,1
2930589,3
5506563,1
4597921,1
5325118,1
5303746,1
5275005,77
4329565,206
5296437,37
5026201,277
4089258,4
5228266,190
4846523,36
5076437,123
5297427,50
5051111,76
4414917,70
5024883,198
4983816,19
5178673,231
4541189,25
5289364,351
4959958,68
4631445,103
5297134,11
5004823,94
5051893,189
3074335,25
5318180,14
5012278,237
3920495,107
4626846,323
4021044,65
5274185,42
3697004,11
2869204,217
5168997,161
5249943,29
4182411,96
5319424,41
5252376,205
4740120,14
3646812,163
5360251,236
5319312,27
4888253,320
5164950,170
3435189,146
5304149,338
5354632,344
5113451,82
5226907,79
5354553,123
5102685,316
5203834,22
4585923,394
5360289,395
2935294,174
5369098,324
5197278,74
3936119,250
5034262,141
5364132,76
4753413,88
5323904,226
5220398,47
5296824,25
5297495,242
5381739,42
4964794,124
5304718,81
5202811,158
5217312,170
3735534,46
4649481,143
4028017,177
5239391,79
5343369,85
4986145,124
3243415,135
4825787,85
5357726,177
4649420,69
4423445,87
4691104,436
5286640,94
3886324,168
5412213,103
5208572,75
5302790,109
4038070,11
4773296,50
5374110,40
5257598,109
5411497,19
5305072,124
3119763,120
5358553,282
5289561,276
3978167,154
5265138,296
4825882,191
4195214,44
5346353,171
3361417,3
4986192,67
5433495,61
5249631,55
5206289,270
4933002,269
3678744,186
5354650,143
5461404,127
5440699,75
4980048,3
4954019,105
5461618,88
5347366,194
5439220,61
5052362,221
4092353,151
5138154,347
3448655,40
5318423,113
5454903,140
5175155,11
5297917,191
5346381,196
3353532,38
2913912,75
5017599,354
5447177,118
5448418,141
5387467,78
5470094,9
4425346,93
3195850,126
5478823,109
5346148,378
5329070,105
5455705,86
5197333,364
5083194,85
4357327,129
4212401,71
5340674,37
5312492,109
5497190,89
5050562,31
4465526,72
5485041,86
5499016,55
5471852,133
4374425,60
5276036,110
4832258,51
5447303,76
5447886,37
5373325,180
5497969,28
3996797,89
5361067,79
5262631,54
5513510,51
4802282,82
5449286,107
5454934,44
5123307,17
5390548,38
5412081,111
5518466,75
2950226,229
5479012,128
3637101,66
5388711,122
5420124,141
5212631,106
5340221,83
5479464,63
4138436,3
2930333,13
5453501,38
4033894,14
2939625,4
5485171,56
5522745,77
5130497,6
5028829,36
5353917,80
5355952,106
4736049,102
5347771,59
4973346,42
5173493,14
5096768,61
4121831,12
5296470,7
4933336,214
5004246,33
4650888,43
4999479,84
4393709,23
5274023,11
4859344,11
4573559,219
5324858,78
5051368,136
5212014,87
4679323,38
5219846,155
5356175,24
5383435,49
2930265,50
4611227,68
4735617,238
3481158,114
5273096,92
5297412,65
2939767,47
5427223,63
3820335,32
5305086,65
3174762,10
4715881,200
5412014,117
5206160,50
5255600,51
5426040,91
5426762,67
5159557,32
3834479,24
4020783,103
4529926,47
3969754,125
3346396,49
5306125,106
5440177,69
5250079,172
5295041,6
5004758,103
4979685,29
5454977,21
5160589,36
5159194,169
5165101,274
5417964,105
5319735,113
5354034,189
5492223,10
4604445,24
5296598,20
5006017,121
4180292,118
5166041,104
5409441,25
5169920,245
3930309,33
4633171,52
5461566,68
5409182,34
4540166,171
5206150,30
5403620,24
5511633,1
5485653,109
4611046,89
5245536,132
4867473,54
5506495,68
2955357,41
5527762,36
5527219,52
5346917,209
5493263,32
5497883,52
5312109,69
3754931,49
5532715,25
5512330,36
3204218,3
3849877,23
5538611,39
4110740,84
5523859,42
5389673,55
5164805,140
5424481,78
5485103,50
5539217,25
5225414,59
4541288,64
5115287,32
4566678,4
3448935,20
4809284,9
4003050,87
2955780,35
3886345,13
4384381,13
4874975,38
5333045,7
4740578,42
5354572,73
5332151,37
4940237,26
5398076,8
5373585,52
5174281,26
5425369,35
5175122,6
5361016,21
5418543,8
5455261,120
5498553,37
5319719,41
5470040,25
5407531,58
3477426,15
5273325,33
4042951,9
3936971,28
5534630,15
5165081,63
3299607,16
5219684,22
5197403,9
5072166,18
5167413,22
5346792,116
5265421,9
5017023,36
4873320,12
5271207,10
5369075,8
4851938,4
5219901,10
5164027,18
4671798,82
3446102,24
5410319,37
4033763,6
2888330,43
4809311,34
5452667,4
4565751,24
4840525,114
5464672,11
5485917,45
5504980,22
4693050,34
5444683,13
5471406,64
5538605,13
5516956,3
5325092,9
5114609,1
5287238,10
3648810,52
5333568,19
5329133,90
5296473,31
3944425,6
5105108,38
5326267,28
5254374,37
4940743,2
5368752,74
5204624,26
5012909,11
5396076,9
5479403,28
3109035,14
5510989,24
5539214,43
5217465,16
4890649,8
5543088,25
5527741,5
5286793,10
3067864,35
4357418,6
5367872,5
5125852,19
2931517,32
5426523,45
4572342,56
5158512,12
5432930,8
4013414,12
5523853,26
5523572,39
4777137,15
5413140,29
4607363,1
4933104,9
2950628,20
4234615,8
5212583,9
5361080,29
5304003,11
4603124,24
4519589,1
3252143,12
4977334,14
4800643,10
5530395,12
5478144,18
5543747,3
4449261,8
5355221,21
4608249,5
5412376,1
5018239,11
5332254,3
5485014,5
4965357,2
4420690,103
4031865,4
5041287,43
5256879,3
2991424,6
4753620,10
5196043,28
5404397,23
5213425,34
5520344,9
5543608,8
5116275,19
3421197,59
5420084,29
4557933,24
5535569,8
5032464,1
3875540,4
4645382,14
5003463,8
4969916,5
5513264,9
3666461,1
4852543,1
5347850,1
4837771,30
5230954,35
5461262,5
5533518,22
5463235,7
4524678,7
4639206,10
4038984,25
3600155,24
5517752,2
5497898,18
4712745,5
5270410,11
5411627,5
4856408,1
4113024,14
2905099,6
5366752,17
4445184,2
4599422,6
4720103,15
5516925,3
5169992,3
4868236,2
4541735,3
5429517,4
3029907,4
4218948,3
4912443,7
5224577,4
5429259,3
3751540,4
3990972,8
5121283,6
4573119,2
5521965,13
4951975,2
5543781,4
4679232,6
4833944,6
3377506,4
3045120,5
5549748,1
5325123,7
5528597,2
5372506,1
5362328,3
2869292,1
4731926,1
5455128,7
5497182,12
5383385,6
5139169,2
5255978,4
4848641,2
3969197,1
4650444,1
5294837,5
5455546,4
5522162,3
4534594,3
5499853,7
5505028,5
5360931,1
3840723,4
3749338,1
4970574,5
4864375,2
4987989,1
4270813,1
4573162,6
5395400,5
4361429,1
4734549,1
5527282,2
4040978,1
5461134,1
5107549,1
4561985,1
4112501,1
3848114,2
5262720,3
5544111,1
4625804,3
4691778,1
4345433,1
4205399,1
4433297,3
4724464,1
4904873,1
5461138,1
5347410,1
3349614,1
4093745,1
4934363,1
3805767,1
